Tahun,Bulan,Jumlah
2020,1,45
2020,2,53
2020,3,63
2020,4,16
2020,5,0
2020,6,59
2020,7,30
2020,8,55
2020,9,45
2020,10,41
2020,11,46
2020,12,37
2021,1,48
2021,2,55
2021,3,69
2021,4,9
2021,5,42
2021,6,56
2021,7,66
2021,8,45
2021,9,35
2021,10,47
2021,11,46
2021,12,42
2022,1,71
2022,2,69
2022,3,58
2022,4,6
2022,5,71
2022,6,34
2022,7,86
2022,8,44
2022,9,44
2022,10,43
2022,11,41
2022,12,42
2023,1,56
2023,2,57
2023,3,31
2023,4,10
2023,5,59
2023,6,39
2023,7,46
2023,8,25
2023,9,42
2023,10,41
2023,11,29
2023,12,31
2024,1,45
2024,2,41
2024,3,9
2024,4,45
2024,5,40
2024,6,50
2024,7,30
2024,8,32
2024,9,39
2024,10,35
2024,11,30
2024,12,32
2025,1,80
2025,2,33
2025,3,12
2025,4,80
2025,5,52
2025,6,80
2025,7,50
2025,8,37