Siswa,Bersosialisasi,Berpendapat,Kestabilan_Emosi,Kedisiplinan,Kepedulian,Kebersihan,Label_Karakter
Siswa1,3,3,3,5,2,4,Disiplin & Teratur
Siswa2,3,2,2,4,3,2,Ambiver
Siswa3,5,3,4,5,4,3,Peduli & Tenang
Siswa4,1,3,1,1,3,4,Ambiver
Siswa5,4,5,3,4,3,3,Ekstrover
Siswa6,5,5,5,2,3,2,Ekstrover
Siswa7,1,5,1,5,1,4,Disiplin & Teratur
Siswa8,4,4,2,5,5,4,Ekstrover
Siswa9,3,4,3,2,2,2,Kritis & Pemikir
Siswa10,5,2,5,2,5,3,Peduli & Tenang
Siswa11,1,3,5,4,4,1,Peduli & Tenang
Siswa12,5,3,2,2,2,2,Ambiver
Siswa13,3,3,3,2,3,3,Ambiver
Siswa14,2,3,5,5,3,2,Ambiver
Siswa15,4,1,4,1,1,2,Ambiver
Siswa16,5,1,2,3,1,4,Ambiver
Siswa17,1,5,4,5,5,5,Disiplin & Teratur
Siswa18,5,1,4,4,5,2,Peduli & Tenang
Siswa19,3,3,2,3,5,3,Ambiver
Siswa20,5,2,3,1,1,5,Ambiver
Siswa21,4,3,2,1,1,4,Ambiver
Siswa22,1,3,1,5,4,4,Disiplin & Teratur
Siswa23,3,2,3,1,3,4,Ambiver
Siswa24,3,5,5,5,2,4,Disiplin & Teratur
Siswa25,4,5,3,2,4,1,Ekstrover
Siswa26,1,4,5,4,5,2,Peduli & Tenang
Siswa27,2,4,3,3,2,5,Kritis & Pemikir
Siswa28,5,5,3,4,2,4,Ekstrover
Siswa29,5,3,5,3,3,2,Ambiver
Siswa30,1,3,5,1,1,4,Ambiver
Siswa31,4,5,5,2,4,2,Ekstrover
Siswa32,1,5,2,3,5,3,Kritis & Pemikir
Siswa33,4,1,1,1,1,3,Ambiver
Siswa34,2,4,1,4,3,2,Kritis & Pemikir
Siswa35,2,2,5,4,2,4,Introver
Siswa36,2,2,5,5,2,2,Introver
Siswa37,2,3,1,2,4,2,Ambiver
Siswa38,4,2,2,3,3,2,Ambiver
Siswa39,1,4,1,5,4,4,Disiplin & Teratur
Siswa40,5,1,5,5,5,1,Peduli & Tenang
Siswa41,1,1,4,1,3,1,Introver
Siswa42,3,1,4,2,5,1,Peduli & Tenang
Siswa43,1,2,5,1,4,2,Introver
Siswa44,2,4,4,4,3,4,Disiplin & Teratur
Siswa45,5,4,3,1,2,5,Ekstrover
Siswa46,4,1,4,1,1,1,Ambiver
Siswa47,3,1,2,2,1,5,Ambiver
Siswa48,1,2,1,2,4,5,Introver
Siswa49,1,4,3,2,4,4,Kritis & Pemikir
Siswa50,1,5,4,3,3,2,Ambiver
Siswa51,5,5,2,1,5,2,Ekstrover
Siswa52,1,2,2,2,3,2,Introver
Siswa53,1,5,5,5,3,5,Disiplin & Teratur
Siswa54,4,2,5,4,1,1,Ambiver
Siswa55,5,5,1,3,1,2,Ekstrover
Siswa56,5,5,2,1,5,5,Ekstrover
Siswa57,4,4,5,5,3,5,Ekstrover
Siswa58,2,3,1,3,5,3,Ambiver
Siswa59,4,2,1,2,2,1,Ambiver
Siswa60,5,3,5,3,3,5,Ambiver
Siswa61,3,4,2,4,3,4,Disiplin & Teratur
Siswa62,1,2,3,3,4,3,Introver
Siswa63,3,4,2,4,5,5,Disiplin & Teratur
Siswa64,3,3,1,3,2,4,Ambiver
Siswa65,2,5,5,1,5,1,Peduli & Tenang
Siswa66,1,1,1,2,5,2,Introver
Siswa67,1,5,3,2,3,5,Kritis & Pemikir
Siswa68,5,2,2,5,1,2,Ambiver
Siswa69,2,4,2,3,5,3,Kritis & Pemikir
Siswa70,5,3,4,5,4,3,Peduli & Tenang
Siswa71,5,4,4,1,5,5,Ekstrover
Siswa72,4,4,4,4,5,1,Ekstrover
Siswa73,2,1,3,3,1,4,Introver
Siswa74,1,4,3,4,3,3,Kritis & Pemikir
Siswa75,3,2,5,5,5,2,Peduli & Tenang
Siswa76,3,3,4,5,5,4,Disiplin & Teratur
Siswa77,3,3,3,4,1,5,Disiplin & Teratur
Siswa78,4,2,5,5,1,2,Ambiver
Siswa79,3,1,1,2,1,2,Ambiver
Siswa80,2,4,1,2,3,1,Kritis & Pemikir
Siswa81,4,1,5,3,1,3,Ambiver
Siswa82,1,2,1,1,5,4,Introver
Siswa83,2,1,5,3,4,2,Introver
Siswa84,4,4,4,2,5,3,Ekstrover
Siswa85,5,3,5,1,5,2,Peduli & Tenang
Siswa86,5,3,5,4,3,5,Disiplin & Teratur
Siswa87,1,4,1,2,1,4,Kritis & Pemikir
Siswa88,4,3,3,1,4,4,Ambiver
Siswa89,4,1,2,1,5,4,Ambiver
Siswa90,4,5,4,5,4,5,Ekstrover
Siswa91,4,5,1,2,2,1,Ekstrover
Siswa92,1,4,1,2,3,3,Kritis & Pemikir
Siswa93,2,2,1,3,2,1,Introver
Siswa94,4,5,1,4,1,3,Ekstrover
Siswa95,2,5,4,2,1,2,Ambiver
Siswa96,1,5,4,3,2,1,Ambiver
Siswa97,4,1,3,1,3,1,Ambiver
Siswa98,1,5,2,5,1,2,Kritis & Pemikir
Siswa99,4,5,1,2,2,2,Ekstrover
Siswa100,1,1,1,2,5,3,Introver
Siswa101,2,1,5,4,5,2,Introver
Siswa102,1,4,4,5,3,3,Ambiver
Siswa103,3,2,4,5,5,4,Disiplin & Teratur
Siswa104,3,1,3,1,5,5,Ambiver
Siswa105,1,5,4,2,3,1,Ambiver
Siswa106,3,5,4,2,2,1,Ambiver
Siswa107,5,5,2,3,1,4,Ekstrover
Siswa108,2,3,4,5,3,1,Ambiver
Siswa109,1,5,1,1,5,2,Kritis & Pemikir
Siswa110,5,3,4,5,5,1,Peduli & Tenang
Siswa111,3,3,3,1,5,5,Ambiver
Siswa112,3,1,2,3,3,4,Ambiver
Siswa113,2,1,2,4,4,4,Introver
Siswa114,3,5,1,4,4,3,Kritis & Pemikir
Siswa115,1,3,3,3,1,1,Ambiver
Siswa116,2,4,2,4,5,1,Kritis & Pemikir
Siswa117,3,5,3,2,1,4,Kritis & Pemikir
Siswa118,3,4,5,1,3,1,Ambiver
Siswa119,3,3,1,4,2,4,Disiplin & Teratur
Siswa120,2,5,2,1,2,5,Kritis & Pemikir
Siswa121,4,5,3,1,1,1,Ekstrover
Siswa122,1,5,2,1,4,1,Kritis & Pemikir
Siswa123,4,2,2,5,4,4,Disiplin & Teratur
Siswa124,4,3,5,2,3,5,Ambiver
Siswa125,1,3,3,4,3,3,Ambiver
Siswa126,2,2,3,1,1,2,Introver
Siswa127,1,3,4,5,2,5,Disiplin & Teratur
Siswa128,3,4,5,2,2,4,Ambiver
Siswa129,5,3,3,5,1,5,Disiplin & Teratur
Siswa130,2,1,1,4,2,2,Introver
Siswa131,2,3,1,4,5,3,Ambiver
Siswa132,3,4,1,5,2,3,Kritis & Pemikir
Siswa133,3,1,1,2,3,4,Ambiver
Siswa134,3,4,3,4,5,3,Kritis & Pemikir
Siswa135,2,2,4,1,2,1,Introver
Siswa136,5,1,2,2,4,1,Ambiver
Siswa137,3,3,4,5,5,4,Disiplin & Teratur
Siswa138,5,5,4,1,3,5,Ekstrover
Siswa139,4,5,5,4,1,1,Ekstrover
Siswa140,5,1,5,1,5,1,Peduli & Tenang
Siswa141,1,2,3,1,5,4,Introver
Siswa142,3,3,2,5,5,4,Disiplin & Teratur
Siswa143,1,2,2,5,3,4,Introver
Siswa144,2,2,2,4,3,4,Introver
Siswa145,1,4,2,2,2,4,Kritis & Pemikir
Siswa146,2,5,4,4,5,4,Disiplin & Teratur
Siswa147,5,3,4,1,2,5,Ambiver
Siswa148,5,1,2,2,2,5,Ambiver
Siswa149,3,2,2,2,1,1,Ambiver
Siswa150,5,5,1,5,2,4,Ekstrover
